{
    "name": "water_cave",
    "generation": {
        "weight": 1.0,
        "entrance_coord": [
            0,
            26
        ],
        "entrance_angle": 0,
        "exit_coord": [
            49,
            27
        ],
        "exit_angle": 0
    },
    "entities": [],
    "block_indices": {
        "1": "vines0",
        "2": "dirt_step_ground2",
        "3": "stone_step_ground0",
        "4": "stone_step_ground1",
        "5": "dirt_step_ground0",
        "6": "dirt_step_ground1",
        "7": "cobweb_step_ceiling",
        "8": "dirt_step_ceiling",
        "9": "stone_step_ceiling",
        "10": "ladder",
        "11": "spikes",
        "12": "big_brick_wall",
        "13": "horizontal_wood_log",
        "14": "vertical_wood_log",
        "15": "stone_wall",
        "16": "small_brick_wall",
        "17": "pole",
        "18": "water",
        "19": "wood0",
        "20": "roots3",
        "21": "vines1",
        "22": "roots0",
        "23": "roots2",
        "24": "roots1",
        "25": "flat_grass",
        "26": "medium_grass",
        "27": "tall_grass",
        "28": "small_grass",
        "29": "flower4",
        "30": "flower8",
        "31": "flower9",
        "32": "flower5",
        "33": "flower2",
        "34": "flower3",
        "35": "flower10",
        "36": "flower0",
        "37": "flower1",
        "38": "flower6",
        "39": "flower7",
        "40": "mushroom3",
        "41": "mushroom2",
        "42": "mushroom5",
        "43": "mushroom4",
        "44": "mushroom6",
        "45": "mushroom1",
        "46": "mushroom0",
        "47": "unlit_torch",
        "48": "torch",
        "49": "carpet",
        "50": "diamond1",
        "51": "diamond0",
        "52": "topaz0",
        "53": "amethyst0",
        "54": "amethyst1",
        "55": "jade0",
        "56": "ruby0",
        "57": "ruby1",
        "58": "bush0",
        "59": "bush1",
        "60": "plant0",
        "61": "bonsai",
        "62": "plant_wall",
        "63": "bones3",
        "64": "bones2",
        "65": "bones1",
        "66": "bones0",
        "67": "snow_layer",
        "68": "stone3",
        "69": "stone2",
        "70": "mossy_stone0",
        "71": "mossy_stone1",
        "72": "mossy_stone3",
        "73": "stone1",
        "74": "stone0",
        "75": "grass_block",
        "76": "ice_block",
        "77": "snowy_grass_block",
        "78": "brick_block",
        "79": "stone_block",
        "80": "snow_block",
        "81": "dirt_block"
    }
}