{
    "name": "mine",
    "generation": {
        "weight": 1.0,
        "entrance_coord": [
            0,
            12
        ],
        "entrance_angle": 0,
        "exit_coord": [
            19,
            11
        ],
        "exit_angle": 0
    },
    "entities": [],
    "block_indices": {
        "1": "big_vines",
        "2": "vines0",
        "3": "dead_tree0",
        "4": "tree0",
        "5": "tree1",
        "6": "giant_mushroom0",
        "7": "dirt_step_ground2",
        "8": "stone_step_ground0",
        "9": "stone_step_ground1",
        "10": "dirt_step_ground0",
        "11": "dirt_step_ground1",
        "12": "cobweb_step_ceiling",
        "13": "dirt_step_ceiling",
        "14": "stone_step_ceiling",
        "15": "ladder",
        "16": "spikes",
        "17": "big_brick_wall",
        "18": "vertical_wood_log",
        "19": "stone_wall",
        "20": "small_brick_wall",
        "21": "large_stone",
        "22": "stone_pillar",
        "23": "big_bush1",
        "24": "big_bush0",
        "25": "pole",
        "26": "water",
        "27": "wood0",
        "28": "roots3",
        "29": "vines1",
        "30": "roots0",
        "31": "roots2",
        "32": "roots1",
        "33": "flat_grass",
        "34": "medium_grass",
        "35": "tall_grass",
        "36": "small_grass",
        "37": "flower4",
        "38": "flower8",
        "39": "flower9",
        "40": "flower5",
        "41": "flower2",
        "42": "flower3",
        "43": "flower10",
        "44": "flower0",
        "45": "flower1",
        "46": "flower6",
        "47": "flower7",
        "48": "mushroom3",
        "49": "mushroom2",
        "50": "mushroom5",
        "51": "mushroom4",
        "52": "mushroom6",
        "53": "mushroom1",
        "54": "mushroom0",
        "55": "unlit_torch",
        "56": "torch",
        "57": "big_diamond2",
        "58": "big_diamond1",
        "59": "diamond1",
        "60": "diamond0",
        "61": "big_diamond0",
        "62": "big_topaz0",
        "63": "topaz0",
        "64": "amethyst0",
        "65": "amethyst1",
        "66": "big_amethyst",
        "67": "jade0",
        "68": "big_jade0",
        "69": "big_ruby1",
        "70": "big_ruby0",
        "71": "ruby0",
        "72": "ruby1",
        "73": "bush0",
        "74": "bush1",
        "75": "plant0",
        "76": "bonsai",
        "77": "plant_wall",
        "78": "bones3",
        "79": "bones2",
        "80": "bones1",
        "81": "bones0",
        "82": "stone3",
        "83": "stone2",
        "84": "mossy_stone0",
        "85": "mossy_stone1",
        "86": "mossy_stone3",
        "87": "stone1",
        "88": "stone0",
        "89": "grass_block",
        "90": "stone_block",
        "91": "dirt_block"
    }
}