{
    "name": "water_pond",
    "generation": {
        "weight": 1.0,
        "entrance_coord": [
            0,
            12
        ],
        "entrance_angle": 0,
        "exit_coord": [
            19,
            9
        ],
        "exit_angle": 0
    },
    "entities": [],
    "block_indices": {
        "1": "big_vines",
        "2": "vines0",
        "3": "dead_tree0",
        "4": "tree0",
        "5": "tree1",
        "6": "giant_mushroom0",
        "7": "dirt_step_ground2",
        "8": "stone_step_ground0",
        "9": "stone_step_ground1",
        "10": "dirt_step_ground0",
        "11": "dirt_step_ground1",
        "12": "cobweb_step_ceiling",
        "13": "dirt_step_ceiling",
        "14": "stone_step_ceiling",
        "15": "ladder",
        "16": "spikes",
        "17": "large_stone",
        "18": "stone_pillar",
        "19": "big_bush1",
        "20": "big_bush0",
        "21": "pole",
        "22": "water",
        "23": "wood0",
        "24": "roots3",
        "25": "vines1",
        "26": "roots0",
        "27": "roots2",
        "28": "roots1",
        "29": "flat_grass",
        "30": "medium_grass",
        "31": "tall_grass",
        "32": "small_grass",
        "33": "flower4",
        "34": "flower8",
        "35": "flower9",
        "36": "flower5",
        "37": "flower2",
        "38": "flower3",
        "39": "flower10",
        "40": "flower0",
        "41": "flower1",
        "42": "flower6",
        "43": "flower7",
        "44": "mushroom3",
        "45": "mushroom2",
        "46": "mushroom5",
        "47": "mushroom4",
        "48": "mushroom6",
        "49": "mushroom1",
        "50": "mushroom0",
        "51": "unlit_torch",
        "52": "torch",
        "53": "big_diamond2",
        "54": "big_diamond1",
        "55": "diamond1",
        "56": "diamond0",
        "57": "big_diamond0",
        "58": "big_topaz0",
        "59": "topaz0",
        "60": "amethyst0",
        "61": "amethyst1",
        "62": "big_amethyst",
        "63": "jade0",
        "64": "big_jade0",
        "65": "big_ruby1",
        "66": "big_ruby0",
        "67": "ruby0",
        "68": "ruby1",
        "69": "bush0",
        "70": "bush1",
        "71": "plant0",
        "72": "plant_wall",
        "73": "bones3",
        "74": "bones2",
        "75": "bones1",
        "76": "bones0",
        "77": "stone3",
        "78": "stone2",
        "79": "mossy_stone0",
        "80": "mossy_stone1",
        "81": "mossy_stone3",
        "82": "stone1",
        "83": "stone0",
        "84": "grass_block",
        "85": "stone_block",
        "86": "dirt_block"
    }
}