{
    "enable vsync": true,
    "max fps": 1000,
    "text resolution": 40,
    "shadow resolution": 0,
    "particles": 10,
    "antialiasing": 0,
    "reduce camera movement": false,
    "show fps": true,
    "show debug": false,
    "language": "english",
    "master volume": 1,
    "player volume": 1,
    "enemy volume": 1,
    "ambient volume": 1,
    "menu volume": 1,
    "simulation distance": 5,
    "save world": true,
    "auto jump": true,
    "key.left": "a",
    "key.right": "d",
    "key.jump": "space",
    "key.sprint": "left shift",
    "key.crouch": "c",
    "key.return": "escape",
    "key.inventory": "e"
}